sponsor,tier,year,conference
bloomberg,platinum sponsors,2015,naacl
google,gold sponsors,2015,naacl
goldman-sachs,gold sponsors,2015,naacl
a9,gold sponsors,2015,naacl
ibm-watson,gold sponsors,2015,naacl
microsoft,gold sponsors,2015,naacl
isi,silver sponsors,2015,naacl
nuance,silver sponsors,2015,naacl
sdl,silver sponsors,2015,naacl
yahoo-labs,bronze sponsors,2015,naacl
interactions,bronze sponsors,2015,naacl
uwashington,bronze sponsors,2015,naacl
digital-roots,bronze sponsors,2015,naacl
voicebox,bronze sponsors,2015,naacl
machinezone,bronze sponsors,2015,naacl
baobab,bronze sponsors,2015,naacl
"Google, Inc.",Platinum,2015,neurips
Microsoft,Platinum,2015,neurips
"Taobao (China) Software Co., Ltd.",Platinum,2015,neurips
Amazon,Gold,2015,neurips
Apple Inc.,Gold,2015,neurips
Baidu USA,Gold,2015,neurips
Citadel LLC,Gold,2015,neurips
Facebook,Gold,2015,neurips
IBM Research,Gold,2015,neurips
Ketchum Trading,Gold,2015,neurips
NVIDIA,Gold,2015,neurips
The Voleon Group,Gold,2015,neurips
Twitter,Gold,2015,neurips
"Adobe Systems, Inc",Silver,2015,neurips
AdRoll,Silver,2015,neurips
Analog Devices | Lyric Labs,Silver,2015,neurips
Artificial Intelligence Journal (AIJ),Silver,2015,neurips
Bloomberg,Silver,2015,neurips
CenturyLink Cognilytics,Silver,2015,neurips
Criteo,Silver,2015,neurips
Cubist Systematic Strategies,Silver,2015,neurips
Deep Genomics,Silver,2015,neurips
D. E. Shaw & Co.,Silver,2015,neurips
Disney Research,Silver,2015,neurips
"eBay, Inc.",Silver,2015,neurips
Imagia,Silver,2015,neurips
Maluuba Inc.,Silver,2015,neurips
Man AHL,Silver,2015,neurips
minds.ai,Silver,2015,neurips
Netflix,Silver,2015,neurips
Oracle,Silver,2015,neurips
Panasonic,Silver,2015,neurips
PDT Partners,Silver,2015,neurips
Sony,Silver,2015,neurips
The Alan Turing Institute,Silver,2015,neurips
Toyota,Silver,2015,neurips
Two Sigma,Silver,2015,neurips
United Technologies Research Center,Silver,2015,neurips
Vatic Labs,Silver,2015,neurips
Winton Capital Management,Silver,2015,neurips
Yahoo Labs,Silver,2015,neurips
Cambridge University Press,Exhibitor,2015,neurips
Springer Publishing,Exhibitor,2015,neurips
The MIT Press,Exhibitor,2015,neurips
alibaba,Platinum,2015,icml
Baidu,Platinum,2015,icml
,Platinum,2015,icml
nsf1,Platinum,2015,icml
amazon_logo_RGB,Gold,2015,icml
logo CA,Gold,2015,icml
fb_logo,Gold,2015,icml
google,Gold,2015,icml
INRIA,Gold,2015,icml
intel,Gold,2015,icml
MEL,Gold,2015,icml
MFG_logo_black,Gold,2015,icml
MSR_Logo,Gold,2015,icml
Panasonic,Gold,2015,icml
Winton logo,Gold,2015,icml
adobe_logo_standard,Silver,2015,icml
ARM_Corp_RGB,Silver,2015,icml
logo-cristal,Silver,2015,icml
criteo,Silver,2015,icml
Netflix_Logo_Digital+Video,Silver,2015,icml
nokia,Silver,2015,icml
BrainCorporation,Supporting,2015,icml
dr-logo-red,Supporting,2015,icml
dropbox,Supporting,2015,icml
fli logo,Supporting,2015,icml
gresearch,Supporting,2015,icml
logo_region,Supporting,2015,icml
Grand_Logo_Numberly_Rose_Avec_Baseline_Grise_RVB,Supporting,2015,icml
nvidia,Supporting,2015,icml
Springer,Supporting,2015,icml
Logo_Technicolor,Supporting,2015,icml
Twitter,Supporting,2015,icml
uber,Supporting,2015,icml
ulille,Supporting,2015,icml
All_Programmable_Lock_up,Supporting,2015,icml
yahoolabs,Supporting,2015,icml
yandex_eng_logo,Supporting,2015,icml
google,gold,2015,iclr
facebook,gold,2015,iclr
qualcomm,gold,2015,iclr
baidu,gold,2015,iclr
http://bit.ly/ibmwatsonjobs,gold,2015,iclr
developer.nvidia,silver,2015,iclr
http://loop.ai,silver,2015,iclr
lib/exe/detail.php%3Fid=iclr2015:main&media=iclr2015:necla-logo.jpg.html,bronze,2015,iclr
imagia,bronze,2015,iclr
Google,platinum,2016,naacl
Baidu,platinum,2016,naacl
Bloomberg,gold,2016,naacl
Amazon,gold,2016,naacl
Microsoft,gold,2016,naacl
Maluuba,gold,2016,naacl
Ebay,gold,2016,naacl
Optum 360,gold,2016,naacl
IBM TJ Watson Research Center,gold,2016,naacl
Huawei,silver,2016,naacl
OpenTable,silver,2016,naacl
Facebook,bronze,2016,naacl
Newsela,bronze,2016,naacl
Grammarly,bronze,2016,naacl
Adobe,bronze,2016,naacl
Nuance,bronze,2016,naacl
Civis Analytics,bronze,2016,naacl
Voicebox,bronze,2016,naacl
Brandeis University Computational Linguistics,bronze,2016,naacl
AIG,Platinum,2016,neurips
Apple,Platinum,2016,neurips
"Audi of America, Inc.",Platinum,2016,neurips
Citadel,Platinum,2016,neurips
DCVC,Platinum,2016,neurips
DeepMind,Platinum,2016,neurips
DiDi Chuxing,Platinum,2016,neurips
Facebook,Platinum,2016,neurips
Google,Platinum,2016,neurips
Intel Corporation,Platinum,2016,neurips
KLA-Tencor,Platinum,2016,neurips
Microsoft,Platinum,2016,neurips
Tencent,Platinum,2016,neurips
Winton,Platinum,2016,neurips
Adobe Research,Gold,2016,neurips
ALIBABA,Gold,2016,neurips
Amazon,Gold,2016,neurips
AtlaSense,Gold,2016,neurips
Baidu,Gold,2016,neurips
Criteo,Gold,2016,neurips
IBM Research,Gold,2016,neurips
NVIDIA,Gold,2016,neurips
The Voleon Group,Gold,2016,neurips
360 International Development Co. Ltd.,Silver,2016,neurips
Automotive Safety Technologies GmbH,Silver,2016,neurips
Bloomberg,Silver,2016,neurips
"Cubist Systematic Strategies, LLC",Silver,2016,neurips
eBay,Silver,2016,neurips
FeatureX,Silver,2016,neurips
G-Research,Silver,2016,neurips
"Hutchin Hill Capital, LP",Silver,2016,neurips
Jump Trading,Silver,2016,neurips
Man AHL,Silver,2016,neurips
NextAI,Silver,2016,neurips
Optiver,Silver,2016,neurips
Qualcomm,Silver,2016,neurips
Renaissance Technologies,Silver,2016,neurips
Robert Bosch GmbH,Silver,2016,neurips
Rosetta Analytics,Silver,2016,neurips
SAP SE,Silver,2016,neurips
Sentient Technologies,Silver,2016,neurips
The D. E. Shaw Group,Silver,2016,neurips
"Two Sigma Investments, LP",Silver,2016,neurips
United Technologies Research Centre Ireland,Silver,2016,neurips
Beijing Institute of Big Data Research,Bronze,2016,neurips
BenevolentAI,Bronze,2016,neurips
"Cheetah Mobile America, Inc.",Bronze,2016,neurips
Datatang Technology,Bronze,2016,neurips
Disney Research,Bronze,2016,neurips
Invenia Labs,Bronze,2016,neurips
LLC Yandex,Bronze,2016,neurips
Maluuba Inc.,Bronze,2016,neurips
Nokia,Bronze,2016,neurips
Oracle,Bronze,2016,neurips
Palantir Technologies,Bronze,2016,neurips
Panasonic,Bronze,2016,neurips
PDT Partners,Bronze,2016,neurips
QuantumBlack,Bronze,2016,neurips
RBC,Bronze,2016,neurips
Recursion Pharmaceuticals,Bronze,2016,neurips
Schibsted Media Group,Bronze,2016,neurips
"SigOpt, Inc.",Bronze,2016,neurips
Telefonca I+D,Bronze,2016,neurips
Zalando SE,Bronze,2016,neurips
baidu_research_logo_whitebg,Platinum,2016,icml
american,Platinum,2016,icml
adobe,Gold,2016,icml
ali,Gold,2016,icml
amazon_logo,Gold,2016,icml
Bloomberg,Gold,2016,icml
Bosch_SL-en_4C_S,Gold,2016,icml
cubist,Gold,2016,icml
dwave,Gold,2016,icml
Facebook,Gold,2016,icml
google,Gold,2016,icml
ibmlogo,Gold,2016,icml
Intel,Gold,2016,icml
jump_trading_logo,Gold,2016,icml
Microsoft,Gold,2016,icml
Netflix,Gold,2016,icml
NVLogo_2D,Gold,2016,icml
PDT,Gold,2016,icml
qualcom,Gold,2016,icml
Salesforce,Gold,2016,icml
Shift,Gold,2016,icml
toyota,Gold,2016,icml
uber,Gold,2016,icml
Voleon,Gold,2016,icml
Xilinx,Gold,2016,icml
ACC,Silver,2016,icml
Ansat,Silver,2016,icml
ARM_Corp_RGB,Silver,2016,icml
ARTINF,Silver,2016,icml
Cisco,Silver,2016,icml
sas,Silver,2016,icml
teralytics,Silver,2016,icml
TwoSigma,Silver,2016,icml
WorldQuant,Silver,2016,icml
yandex,Silver,2016,icml
facebook,platinum,2016,iclr
google,platinum,2016,iclr
www-ssl.intel,platinum,2016,iclr
engineering.twitter,platinum,2016,iclr
baidu,gold,2016,iclr
developer.nvidia,gold,2016,iclr
https://www.amazon.jobs/en,silver,2016,iclr
clarifai,silver,2016,iclr
imagia,silver,2016,iclr
recursionpharma,silver,2016,iclr
dwavesys,bronze,2016,iclr
adobe,bronze,2016,iclr
labs.oracle,bronze,2016,iclr
Audi,Diamond,2017,neurips
IBM Research,Diamond,2017,neurips
Intel Corporation,Diamond,2017,neurips
Microsoft,Diamond,2017,neurips
Nvidia,Diamond,2017,neurips
Alibaba Group,Platinum,2017,neurips
Amazon,Platinum,2017,neurips
Apple Inc.,Platinum,2017,neurips
"Beijing Baidu Netcom Science Technology Co., Ltd",Platinum,2017,neurips
Capital One,Platinum,2017,neurips
Citadel,Platinum,2017,neurips
Data Collective,Platinum,2017,neurips
DeepMind,Platinum,2017,neurips
Didi Chuxing,Platinum,2017,neurips
"Facebook, Inc",Platinum,2017,neurips
Google,Platinum,2017,neurips
Graphcore,Platinum,2017,neurips
KLA -Tencor,Platinum,2017,neurips
NAVER | LINE,Platinum,2017,neurips
Tencent AI Lab,Platinum,2017,neurips
"Uber Technologies, Inc",Platinum,2017,neurips
"Airbnb, Inc.",Gold,2017,neurips
Borealis AI,Gold,2017,neurips
Criteo Reasearch,Gold,2017,neurips
Element AI,Gold,2017,neurips
JD.com,Gold,2017,neurips
Mercedes-Benz Research and Development North America,Gold,2017,neurips
Microsoft Research Maluuba,Gold,2017,neurips
Netflix,Gold,2017,neurips
Optiver,Gold,2017,neurips
Preferred Networks,Gold,2017,neurips
Renaissance Technologies LLC,Gold,2017,neurips
Salesforce,Gold,2017,neurips
The D. E. Shaw Group,Gold,2017,neurips
The Voleon Group,Gold,2017,neurips
Winton Group,Gold,2017,neurips
Adobe Research,Silver,2017,neurips
AIG Science,Silver,2017,neurips
AutoX,Silver,2017,neurips
BenevolentAI,Silver,2017,neurips
Bloomberg,Silver,2017,neurips
Bytedance Inc.,Silver,2017,neurips
Cirrascale Cloud Services,Silver,2017,neurips
Cogent Labs,Silver,2017,neurips
CrowdFlower,Silver,2017,neurips
Cubist Systematic Strategies,Silver,2017,neurips
Disney Research,Silver,2017,neurips
"eBay, Inc.",Silver,2017,neurips
FeatureX,Silver,2017,neurips
G Research,Silver,2017,neurips
Hudson River Trading,Silver,2017,neurips
Invenia Labs,Silver,2017,neurips
JPMorgan Chase & Co.,Silver,2017,neurips
Jump Trading,Silver,2017,neurips
Lambda Labs,Silver,2017,neurips
Man AHL,Silver,2017,neurips
Montréal International,Silver,2017,neurips
"Noah's Ark Labs, Huawei Technologies",Silver,2017,neurips
Obsidian Security,Silver,2017,neurips
Oracle,Silver,2017,neurips
PDT Partners,Silver,2017,neurips
Qualcomm,Silver,2017,neurips
QuantumBlack,Silver,2017,neurips
Quora,Silver,2017,neurips
Recursion Pharmaceuticals,Silver,2017,neurips
"Rosetta Analytics, Inc.",Silver,2017,neurips
SAP,Silver,2017,neurips
Sberbank of Russia,Silver,2017,neurips
SigOpt,Silver,2017,neurips
Snap Inc.,Silver,2017,neurips
"Susquehanna International Group, LLP",Silver,2017,neurips
Swiss Data Science Center,Silver,2017,neurips
Target,Silver,2017,neurips
Tudor Investment Corporation,Silver,2017,neurips
Two Sigma,Silver,2017,neurips
Vatic Labs,Silver,2017,neurips
Wave Computing,Silver,2017,neurips
XPRIZE,Silver,2017,neurips
Yandex,Silver,2017,neurips
Cylance,Bronze,2017,neurips
Panasonic,Bronze,2017,neurips
"Petuum, Inc.",Bronze,2017,neurips
Qifei International Development Co. Limited,Bronze,2017,neurips
Sentient Technologies,Bronze,2017,neurips
NVIDIA,Diamond,2017,icml
Amazon,Platinum,2017,icml
"Beijing Jingdong Shangke Information Technology Co., Ltd.",Platinum,2017,icml
DeepMind,Platinum,2017,icml
Facebook,Platinum,2017,icml
Google,Platinum,2017,icml
Intel,Platinum,2017,icml
AIG,Gold,2017,icml
ALIBABA,Gold,2017,icml
"Beijing Baidu Netcom Science Technology Co., Ltd.",Gold,2017,icml
Maluuba,Gold,2017,icml
Microsoft,Gold,2017,icml
Netflix,Gold,2017,icml
ORACLE,Gold,2017,icml
SigOpt,Gold,2017,icml
Tencent AI Lab,Gold,2017,icml
Tibra Global Services Pty Limited,Gold,2017,icml
"Two Sigma Investments, LP",Gold,2017,icml
Uber,Gold,2017,icml
Yandex,Gold,2017,icml
AItrics,Silver,2017,icml
Bosch Center for Artificial Intelligence,Silver,2017,icml
Cubist Systematic Strategies,Silver,2017,icml
D. E. Shaw & Co.,Silver,2017,icml
"Recruit Communications Co., Ltd",Silver,2017,icml
The Voleon Group,Silver,2017,icml
Western Digital Corporation,Silver,2017,icml
"Adobe Systems, Inc",Bronze,2017,icml
Cisco Systems Inc.,Bronze,2017,icml
Toyota Research Institute,Bronze,2017,icml
https://www.amazon.jobs/,platinum,2017,iclr
baidu,platinum,2017,iclr
deepmind,platinum,2017,iclr
fb,platinum,2017,iclr
google,platinum,2017,iclr
intel,platinum,2017,iclr
nvidia,platinum,2017,iclr
salesforce,platinum,2017,iclr
criteo,gold,2017,iclr
ibm,gold,2017,iclr
https://http://benevolent.ai//,silver,2017,iclr
deshaw,silver,2017,iclr
deephi,silver,2017,iclr
maluuba,silver,2017,iclr
sap,silver,2017,iclr
http://www.tri.global/,bronze,2017,iclr
elementai,bronze,2017,iclr
yandex,bronze,2017,iclr
mailto:iclr2017.programchairs@gmail.com,bronze,2017,iclr
bloomberg,diamond sponsors,2018,naacl
google,diamond sponsors,2018,naacl
toutiao,diamond sponsors,2018,naacl
amazon,platinum sponsors,2018,naacl
facebook,platinum sponsors,2018,naacl
ebay,gold sponsors,2018,naacl
grammarly,gold sponsors,2018,naacl
ibm,gold sponsors,2018,naacl
kpmg,gold sponsors,2018,naacl
oracle,gold sponsors,2018,naacl
polyai,gold sponsors,2018,naacl
tulane,gold sponsors,2018,naacl
capitalone,gold sponsors,2018,naacl
twosigma,gold sponsors,2018,naacl
nuance,silver sponsors,2018,naacl
figure_eight,silver sponsors,2018,naacl
imerit,bronze sponsors,2018,naacl
isinlp,bronze sponsors,2018,naacl
nsf,bronze sponsors,2018,naacl
ccc,bronze sponsors,2018,naacl
"Facebook, Inc",Diamond,2018,neurips
Amazon,Diamond,2018,neurips
Element AI,Diamond,2018,neurips
Graphcore,Diamond,2018,neurips
IBM Research AI,Diamond,2018,neurips
Intel AI,Diamond,2018,neurips
Lambda GPU Workstations & Servers,Diamond,2018,neurips
Microsoft,Diamond,2018,neurips
Montréal International,Diamond,2018,neurips
Nvidia,Diamond,2018,neurips
Salesforce,Diamond,2018,neurips
Stradigi AI,Diamond,2018,neurips
Alibaba Group,Platinum,2018,neurips
"Alipay US, Inc",Platinum,2018,neurips
Apple Inc.,Platinum,2018,neurips
Baidu,Platinum,2018,neurips
Borealis AI,Platinum,2018,neurips
Bytedance Inc.,Platinum,2018,neurips
DeepMind,Platinum,2018,neurips
doc.ai,Platinum,2018,neurips
Google AI,Platinum,2018,neurips
NAVER│LINE,Platinum,2018,neurips
Qualcomm,Platinum,2018,neurips
QuantumBlack,Platinum,2018,neurips
The Voleon Group,Platinum,2018,neurips
"Uber Technologies, Inc.",Platinum,2018,neurips
Wave Computing,Platinum,2018,neurips
Arm,Gold,2018,neurips
BenevolentAI,Gold,2018,neurips
BioMind,Gold,2018,neurips
Bloomberg,Gold,2018,neurips
Bosch Center for Artificial Intelligence,Gold,2018,neurips
"Capital One Services, LLC",Gold,2018,neurips
Cirrascale Cloud Services,Gold,2018,neurips
Cogent Labs,Gold,2018,neurips
Cubist Systematic Strategies,Gold,2018,neurips
Disney Research,Gold,2018,neurips
G-Research,Gold,2018,neurips
Huawei,Gold,2018,neurips
"Insilico Medicine, Inc.",Gold,2018,neurips
"Inspur Electronic Information Industry Co.,  Ltd",Gold,2018,neurips
Invenia Labs,Gold,2018,neurips
ISEE AI,Gold,2018,neurips
IVADO,Gold,2018,neurips
Jane Street,Gold,2018,neurips
J.P.  Morgan,Gold,2018,neurips
Jump Trading,Gold,2018,neurips
Lyft,Gold,2018,neurips
Man AHL,Gold,2018,neurips
MathWorks,Gold,2018,neurips
Morgan Stanley,Gold,2018,neurips
NAVER LABS Europe,Gold,2018,neurips
Netflix,Gold,2018,neurips
NextAI / NEXT Canada,Gold,2018,neurips
PDT Partners,Gold,2018,neurips
Pony.ai,Gold,2018,neurips
Preferred Networks,Gold,2018,neurips
Samsung,Gold,2018,neurips
SAS Institute Inc.,Gold,2018,neurips
Sberbank,Gold,2018,neurips
SPORTLOGiQ,Gold,2018,neurips
The D. E. Shaw Group,Gold,2018,neurips
Twenty Billion Neurons,Gold,2018,neurips
Twitter Inc,Gold,2018,neurips
Two Sigma,Gold,2018,neurips
Unity Technologies,Gold,2018,neurips
V7,Gold,2018,neurips
Wayfair,Gold,2018,neurips
Yandex LLC,Gold,2018,neurips
AITRICS,Silver,2018,neurips
Aptiv,Silver,2018,neurips
Argo AI,Silver,2018,neurips
Ascent_Robotics,Silver,2018,neurips
Bridgestone Corporation,Silver,2018,neurips
Didi Chuxing,Silver,2018,neurips
Edgestream Partners LP,Silver,2018,neurips
Enigma,Silver,2018,neurips
Expedia,Silver,2018,neurips
Freenome Holdings Inc,Silver,2018,neurips
GHELIA Inc.,Silver,2018,neurips
Groq,Silver,2018,neurips
GSA Capital Services Limited,Silver,2018,neurips
Habana  Labs,Silver,2018,neurips
Hearst,Silver,2018,neurips
HSBC,Silver,2018,neurips
Hudson River Trading,Silver,2018,neurips
Imagia,Silver,2018,neurips
Inception Institute of Artificial Intelligence Ltd,Silver,2018,neurips
IVADO LABS,Silver,2018,neurips
Knight Foundation,Silver,2018,neurips
"Lab41, an In-Q-Tel Lab",Silver,2018,neurips
Lionbridge,Silver,2018,neurips
Naspers,Silver,2018,neurips
NetEase Fuxi Lab,Silver,2018,neurips
Obsidian Security,Silver,2018,neurips
"Ouster, Inc.",Silver,2018,neurips
ParallelM,Silver,2018,neurips
Paris Region Entreprises,Silver,2018,neurips
"Petuum, Inc.",Silver,2018,neurips
Pryon,Silver,2018,neurips
Pupil Labs,Silver,2018,neurips
QIHOO 360,Silver,2018,neurips
Quadrature Capital,Silver,2018,neurips
Roadstar.ai LLC,Silver,2018,neurips
SCALE AI,Silver,2018,neurips
SenseTime Group Limited,Silver,2018,neurips
"Siemens Medical Solutions USA, Inc.",Silver,2018,neurips
SigOpt,Silver,2018,neurips
SK Telecom,Silver,2018,neurips
SoundHound Inc.,Silver,2018,neurips
Squarepoint,Silver,2018,neurips
Squirrel AI Learning,Silver,2018,neurips
Tencent AI Lab,Silver,2018,neurips
Verisk,Silver,2018,neurips
Waymo,Silver,2018,neurips
Westbourne Partners,Silver,2018,neurips
xBrain,Silver,2018,neurips
XPRIZE,Silver,2018,neurips
Cambridge University Press,Exhibitor,2018,neurips
MIT Press,Exhibitor,2018,neurips
now publishers,Exhibitor,2018,neurips
Springer Nature,Exhibitor,2018,neurips
Facebook,Diamond,2018,icml
Intel Corporation,Diamond,2018,icml
Intuit,Diamond,2018,icml
NVIDIA,Diamond,2018,icml
Amazon,Platinum,2018,icml
Ant Financial,Platinum,2018,icml
"Beijing Baidu Netcom Science Technology Co., Ltd",Platinum,2018,icml
DeepMind,Platinum,2018,icml
Google AI,Platinum,2018,icml
Graphcore,Platinum,2018,icml
Microsoft,Platinum,2018,icml
Talent Montréal,Platinum,2018,icml
Tencent AI Lab,Platinum,2018,icml
The Voleon Group,Platinum,2018,icml
Adobe,Gold,2018,icml
American International Group (AIG),Gold,2018,icml
Bosch Center for Artificial Intelligence,Gold,2018,icml
Criteo Research,Gold,2018,icml
Disney Research,Gold,2018,icml
Element AI,Gold,2018,icml
Expedia,Gold,2018,icml
Hudson River Trading,Gold,2018,icml
IBM Research,Gold,2018,icml
Insilico Medicine,Gold,2018,icml
J.P. Morgan,Gold,2018,icml
NAVER LABS,Gold,2018,icml
NAVER│LINE,Gold,2018,icml
Netflix,Gold,2018,icml
Peltarion,Gold,2018,icml
Qualcomm,Gold,2018,icml
QuantumBlack,Gold,2018,icml
SBERBANK,Gold,2018,icml
SEED Electronic Arts,Gold,2018,icml
SigOpt,Gold,2018,icml
SK Telecom,Gold,2018,icml
Spotify,Gold,2018,icml
Two Sigma,Gold,2018,icml
"Uber Technologies, Inc.",Gold,2018,icml
Wadhwani Institute for Artificial Intelligence,Gold,2018,icml
Wayfair,Gold,2018,icml
Wecash Holding Limited Company,Gold,2018,icml
Yandex,Gold,2018,icml
Inception Institute of Artificial Intelligence,Silver,2018,icml
Man AHL,Silver,2018,icml
The D. E. Shaw Group,Silver,2018,icml
Western Digital,Silver,2018,icml
Springer,Exhibitor,2018,icml
The MIT Press,Exhibitor,2018,icml
Bloomberg,Diamond,2019,naacl
Google,Diamond,2019,naacl
Facebook,Diamond,2019,naacl
Amazon,Diamond,2019,naacl
Asapp,Diamond,2019,naacl
Two Sigma,Platinum,2019,naacl
Thomson Reuters,Platinum,2019,naacl
Capital One,Platinum,2019,naacl
DeepMind,Platinum,2019,naacl
Megagon Labs,Gold,2019,naacl
ByteDance,Gold,2019,naacl
Vanguard,Gold,2019,naacl
Duolingo,Silver,2019,naacl
SAP,Silver,2019,naacl
Ebay,Silver,2019,naacl
Grammarly,Silver,2019,naacl
Microsoft,Silver,2019,naacl
Cisco,Silver,2019,naacl
Interactions,Silver,2019,naacl
ETS,Bronze,2019,naacl
Raytheon,Bronze,2019,naacl
USC Information Sciences Institute,Bronze,2019,naacl
Clinc,Bronze,2019,naacl
Capital Group,Social Event Entertainment,2019,naacl
DeepMind,Diversity & Inclusion: Champion,2019,naacl
Google,Diversity & Inclusion: Ally,2019,naacl
Grammarly,In-Kind Donations,2019,naacl
Microsoft Translator,In-Kind Donations,2019,naacl
Amazon,Diamond,2019,neurips
Anthem.ai,Diamond,2019,neurips
Apple,Diamond,2019,neurips
Citadel & Citadel Securities,Diamond,2019,neurips
DeepMind,Diamond,2019,neurips
Doc.ai,Diamond,2019,neurips
Facebook,Diamond,2019,neurips
Google,Diamond,2019,neurips
Graphcore,Diamond,2019,neurips
IBM Research AI,Diamond,2019,neurips
Intel AI,Diamond,2019,neurips
Lambda,Diamond,2019,neurips
Lyft,Diamond,2019,neurips
Microsoft,Diamond,2019,neurips
OpenAI,Diamond,2019,neurips
Qualcomm,Diamond,2019,neurips
Salesforce,Diamond,2019,neurips
Sony,Diamond,2019,neurips
Waymo,Diamond,2019,neurips
Alibaba Group,Platinum,2019,neurips
BAIDU,Platinum,2019,neurips
BioMind,Platinum,2019,neurips
Bloomberg,Platinum,2019,neurips
Borealis AI,Platinum,2019,neurips
Bosch Center for Artificial Intelligence,Platinum,2019,neurips
ByteDance,Platinum,2019,neurips
Cerebras Systems,Platinum,2019,neurips
Cruise,Platinum,2019,neurips
DiDi,Platinum,2019,neurips
Disney Research,Platinum,2019,neurips
EY,Platinum,2019,neurips
"Google X, The Moonshot Factory",Platinum,2019,neurips
Habana Labs,Platinum,2019,neurips
Hudson River Trading,Platinum,2019,neurips
"Inspur Electronic Information Industry Co.,Ltd",Platinum,2019,neurips
Invenia Labs,Platinum,2019,neurips
Jane Street,Platinum,2019,neurips
J.P. Morgan,Platinum,2019,neurips
Jump Trading,Platinum,2019,neurips
National Security Agency,Platinum,2019,neurips
NAVER,Platinum,2019,neurips
Netflix,Platinum,2019,neurips
PDT Partners,Platinum,2019,neurips
QuantumBlack,Platinum,2019,neurips
SigOpt,Platinum,2019,neurips
Sportlogiq,Platinum,2019,neurips
The D. E. Shaw Group,Platinum,2019,neurips
The Voleon Group,Platinum,2019,neurips
Twitter Inc.,Platinum,2019,neurips
Two Sigma,Platinum,2019,neurips
"Uber Technologies, Inc.",Platinum,2019,neurips
Unity Technologies,Platinum,2019,neurips
XPRIZE Foundation,Platinum,2019,neurips
Yandex,Platinum,2019,neurips
Yokogawa Electric Corporation,Platinum,2019,neurips
BenevolentAI,Gold,2019,neurips
Cisco Systems,Gold,2019,neurips
G-Research,Gold,2019,neurips
Horizon Robotics,Gold,2019,neurips
MathWorks,Gold,2019,neurips
Mipsology,Gold,2019,neurips
Neural Magic,Gold,2019,neurips
Novartis,Gold,2019,neurips
Petuum Inc.,Gold,2019,neurips
Point72 / Cubist Systematic Strategies,Gold,2019,neurips
Preferred Networks,Gold,2019,neurips
PROWLER.io,Gold,2019,neurips
Pryon,Gold,2019,neurips
Sberbank,Gold,2019,neurips
Scale AI,Gold,2019,neurips
Snap Inc.,Gold,2019,neurips
Splunk Inc,Gold,2019,neurips
Squarepoint,Gold,2019,neurips
VinAI Research,Gold,2019,neurips
Weights & Biases,Gold,2019,neurips
XTX Markets,Gold,2019,neurips
Zillow,Gold,2019,neurips
ACCENTURE,Silver,2019,neurips
Alegion,Silver,2019,neurips
Arm Inc.,Silver,2019,neurips
Avira,Silver,2019,neurips
BlackBerry Cylance,Silver,2019,neurips
Booz Allen Hamilton,Silver,2019,neurips
Capital Group,Silver,2019,neurips
"Edgestream Partners, L.P.",Silver,2019,neurips
Element AI,Silver,2019,neurips
Expedia Group,Silver,2019,neurips
GHELIA Inc.,Silver,2019,neurips
Happy Elements Inc.,Silver,2019,neurips
Johnson & Johnson,Silver,2019,neurips
Khosla Ventures,Silver,2019,neurips
"Moqi Technology (Beijing) Co., Ltd.",Silver,2019,neurips
OOO Sentium,Silver,2019,neurips
"Siemens Medical Solutions USA, Inc.",Silver,2019,neurips
Tencent AI Lab,Silver,2019,neurips
TerraQuanta,Silver,2019,neurips
Vectra AI,Silver,2019,neurips
WalmartLabs,Silver,2019,neurips
Grameen Research,Bronze,2019,neurips
Lab41,Bronze,2019,neurips
NextAI / NEXT Canada,Bronze,2019,neurips
Simon Fraser University,Bronze,2019,neurips
Wadhwani Institute for Artificial Intelligence,Bronze,2019,neurips
doc.ai,Diamond,2019,icml
Facebook,Diamond,2019,icml
Amazon.com,Ruby,2019,icml
Apple,Sapphire,2019,icml
Google,Sapphire,2019,icml
Graphcore,Sapphire,2019,icml
"Beijing Baidu Netcom Science Technology Co., Ltd",Platinum,2019,icml
DeepMind,Platinum,2019,icml
Petuum Inc.,Platinum,2019,icml
Bosch Center for Artificial Intelligence,Gold,2019,icml
IBM Research AI,Gold,2019,icml
J.P. Morgan,Gold,2019,icml
Microsoft,Gold,2019,icml
NAVER | LINE,Gold,2019,icml
Netflix,Gold,2019,icml
Salesforce,Gold,2019,icml
Samsung Electronics,Gold,2019,icml
The Voleon Group,Gold,2019,icml
Uber,Gold,2019,icml
Alegion,Silver,2019,icml
Ant Financial,Silver,2019,icml
Bloomberg,Silver,2019,icml
Capital One,Silver,2019,icml
Criteo AI Lab,Silver,2019,icml
Disney Research,Silver,2019,icml
Hudson River Trading,Silver,2019,icml
IMC Trading,Silver,2019,icml
"Insilico Medicine, Inc",Silver,2019,icml
"Inspur Electronic Information Industry Co.,Ltd",Silver,2019,icml
Jane Street,Silver,2019,icml
Lyft,Silver,2019,icml
Montréal International,Silver,2019,icml
National Security Agency,Silver,2019,icml
Obsidian Security,Silver,2019,icml
Ouster,Silver,2019,icml
Point72 / Cubist Systematic Strategies,Silver,2019,icml
Preferred Networks,Silver,2019,icml
Quantumblack,Silver,2019,icml
Sberbank AI,Silver,2019,icml
Scale AI,Silver,2019,icml
SigOpt,Silver,2019,icml
SK hynix,Silver,2019,icml
SK Telecom,Silver,2019,icml
Tencent AI Lab,Silver,2019,icml
Tesla,Silver,2019,icml
The D. E. Shaw Group,Silver,2019,icml
Visual Computing Center at KAUST,Silver,2019,icml
Wayfair,Silver,2019,icml
Wolfram,Silver,2019,icml
Yandex,Silver,2019,icml
Yokogawa Electric Corporation,Silver,2019,icml
Credit Suisse,Bronze,2019,icml
"Cylance, Inc.",Bronze,2019,icml
"Expedia, Inc.",Bronze,2019,icml
Intel AI,Bronze,2019,icml
Squarepoint,Bronze,2019,icml
VINTECH Technology Development Joint Stock Company,Bronze,2019,icml
XTX Markets Limited,Bronze,2019,icml
Zillow Group,Bronze,2019,icml
Frontiers,Publisher,2019,icml
MIT Press,Publisher,2019,icml
/static/images/DeepMind-EthicsAndSociety-Standard-Logo-171003-r01.png,Sponsors,2019,facct
/static/images/Google_Logo_Color_836x272px.png,Sponsors,2019,facct
/static/images/Microsoft-logo_rgb_c-gray-cropped.png,Sponsors,2019,facct
/static/images/Spotify_Logo_RGB_Green.png,Sponsors,2019,facct
/static/images/brand logos twitter bird blue.png,Sponsors,2019,facct
Alibaba Group,Platinum,2020,neurips
Amazon,Platinum,2020,neurips
Apple,Platinum,2020,neurips
Bloomberg Engineering,Platinum,2020,neurips
ByteDance,Platinum,2020,neurips
Capital One,Platinum,2020,neurips
Cruise,Platinum,2020,neurips
DeepMind,Platinum,2020,neurips
Facebook AI,Platinum,2020,neurips
Google Research,Platinum,2020,neurips
G-Research,Platinum,2020,neurips
"Huawei Technologies Co., Ltd.",Platinum,2020,neurips
IARAI,Platinum,2020,neurips
IBM Corporation,Platinum,2020,neurips
Mayo Clinic Center for Individualized Medicine,Platinum,2020,neurips
Microsoft,Platinum,2020,neurips
"OpenAI, L.P",Platinum,2020,neurips
PDT Partners,Platinum,2020,neurips
Qualcomm,Platinum,2020,neurips
Sony Corporation,Platinum,2020,neurips
Tenstorrent Inc.,Platinum,2020,neurips
Tower Research Capital,Platinum,2020,neurips
Two Sigma,Platinum,2020,neurips
U.S. Bank National Association,Platinum,2020,neurips
Baidu,Gold,2020,neurips
Capgemini,Gold,2020,neurips
Citadel and Citadel Securities,Gold,2020,neurips
Deci,Gold,2020,neurips
Electric Power Research Institute,Gold,2020,neurips
EnsoData,Gold,2020,neurips
Graphcore,Gold,2020,neurips
Helm.ai,Gold,2020,neurips
Hudson River Trading,Gold,2020,neurips
Kuaishou,Gold,2020,neurips
MathWorks,Gold,2020,neurips
MDA,Gold,2020,neurips
NAVER,Gold,2020,neurips
Netflix Research,Gold,2020,neurips
Neural Magic,Gold,2020,neurips
Point72,Gold,2020,neurips
QuantumBlack,Gold,2020,neurips
Research in Germany,Gold,2020,neurips
Salesforce,Gold,2020,neurips
Sber AI,Gold,2020,neurips
Scale AI,Gold,2020,neurips
Spotify,Gold,2020,neurips
Squarepoint Capital LLP,Gold,2020,neurips
The D. E. Shaw Group,Gold,2020,neurips
VinAI Research,Gold,2020,neurips
Waymo,Gold,2020,neurips
Yokogawa Electric Corporation,Gold,2020,neurips
Zalando,Gold,2020,neurips
Ant Group,Silver,2020,neurips
Arm,Silver,2020,neurips
BenevolentAI,Silver,2020,neurips
causaLens,Silver,2020,neurips
Deep Genomics,Silver,2020,neurips
Element AI,Silver,2020,neurips
maadaa.ai,Silver,2020,neurips
NVIDIA,Silver,2020,neurips
Ralph,Silver,2020,neurips
Secondmind,Silver,2020,neurips
Tencent AI Lab,Silver,2020,neurips
Uber,Silver,2020,neurips
Wadhwani Institute for Artificial Intelligence,Silver,2020,neurips
XTX Markets,Silver,2020,neurips
Zeta Alpha,Silver,2020,neurips
Cambridge University Press,Book,2020,neurips
now Publishers,Book,2020,neurips
The MIT Press,Book,2020,neurips
Amazon,Platinum,2020,icml
Apple,Platinum,2020,icml
DeepMind,Platinum,2020,icml
Facebook,Platinum,2020,icml
Google Research,Platinum,2020,icml
"Huawei Technologies Co., Ltd",Platinum,2020,icml
IBM,Platinum,2020,icml
Two Sigma,Platinum,2020,icml
AstraZeneca,Gold,2020,icml
BAIDU,Gold,2020,icml
Bloomberg Engineering,Gold,2020,icml
Bosch Center for Artificial Intelligence,Gold,2020,icml
ByteDance,Gold,2020,icml
Citadel & Citadel Securities,Gold,2020,icml
"Hitachi, Ltd.",Gold,2020,icml
Hudson River Trading  LLC,Gold,2020,icml
Jane Street,Gold,2020,icml
Microsoft,Gold,2020,icml
National Security Agency (NSA),Gold,2020,icml
Netflix Research,Gold,2020,icml
Qualcomm,Gold,2020,icml
"Samsung - SAIT AI Lab, Montreal",Gold,2020,icml
Sberbank,Gold,2020,icml
The D. E. Shaw Group,Gold,2020,icml
VinAI Research,Gold,2020,icml
Waymo,Gold,2020,icml
Yokogawa Electric Corporation,Gold,2020,icml
Ant Group,Silver,2020,icml
Autodesk,Silver,2020,icml
BenevolentAI,Silver,2020,icml
PDT Partners,Silver,2020,icml
Point72,Silver,2020,icml
Tencent AI Lab,Silver,2020,icml
Tower Research Capital,Silver,2020,icml
XTX Markets,Silver,2020,icml
Yahoo Research,Silver,2020,icml
DeepMind,Diamond,2020,iclr
Facebook,Diamond,2020,iclr
Google,Diamond,2020,iclr
Amazon,Gold,2020,iclr
IBM Research,Gold,2020,iclr
Jane Street,Gold,2020,iclr
Salesforce,Gold,2020,iclr
Apple,Silver,2020,iclr
ByteDance,Silver,2020,iclr
Microsoft,Silver,2020,iclr
Lambda,Bronze,2020,iclr
The D. E. Shaw Group,Bronze,2020,iclr
Two Sigma,Bronze,2020,iclr
Element AI,Start-Up,2020,iclr
https://deepmind.com/applied/deepmind-ethics-society/,Sponsors,2020,facct
/static/images/DeepMind-EthicsAndSociety-Standard-Logo-171003-r01.png,Sponsors,2020,facct
https://research.fb.com/,Sponsors,2020,facct
/static/images/facebook-research.png,Sponsors,2020,facct
https://www.google.com/about/,Sponsors,2020,facct
/static/images/Google_Logo_Color_836x272px.png,Sponsors,2020,facct
https://sloan.org/,Sponsors,2020,facct
/static/images/Logo-2F-SMALL-Black.png,Sponsors,2020,facct
https://about.twitter.com/en_us/company.html,Sponsors,2020,facct
/static/images/brand logos twitter bird blue.png,Sponsors,2020,facct
https://www.research.ibm.com/,Sponsors,2020,facct
/static/images/IBM-Research_transparent.png,Sponsors,2020,facct
https://luminate.io/,With Ongoing support from,2020,facct
/static/images/Luminate_logo_primary_strapline_BLACK_RGB-cropped.png,With Ongoing support from,2020,facct
Google,Diamond,2021,naacl
Amazon,Platinum,2021,naacl
Apple,Platinum,2021,naacl
Facebook,Platinum,2021,naacl
Megagon,Platinum,2021,naacl
Microsoft,Platinum,2021,naacl
Bloomberg,Gold,2021,naacl
Grammarly,Gold,2021,naacl
IBM,Gold,2021,naacl
Vanguard,Gold,2021,naacl
Duolingo,Silver,2021,naacl
Adobe,Bronze,2021,naacl
Babelscape,Bronze,2021,naacl
Human Language Technology Center of Excellence,Bronze,2021,naacl
LegalForce,Bronze,2021,naacl
Google,Diversity and Inclusion: Champion,2021,naacl
Microsoft,Diversity and Inclusion: Champion,2021,naacl
Amazon,Platinum,2021,icml
Apple,Platinum,2021,icml
ByteDance,Platinum,2021,icml
Citadel & Citadel Securities,Platinum,2021,icml
DeepMind,Platinum,2021,icml
Facebook,Platinum,2021,icml
Google,Platinum,2021,icml
Institute of Advanced Research in Artificial Intelligence,Platinum,2021,icml
Intel,Platinum,2021,icml
Invenia Labs,Platinum,2021,icml
Mayo Clinic Center for Individualized Medicine,Platinum,2021,icml
Two Sigma,Platinum,2021,icml
"Beijing Baidu Netcom Science Technology Co., Ltd",Gold,2021,icml
Bloomberg L.P.,Gold,2021,icml
Boltzbit,Gold,2021,icml
Cubist Systematic Strategies,Gold,2021,icml
Hudson River Trading,Gold,2021,icml
IBM Research,Gold,2021,icml
Microsoft,Gold,2021,icml
Netflix Research,Gold,2021,icml
Qualcomm,Gold,2021,icml
Research in Germany,Gold,2021,icml
Samsung SAIL Montreal,Gold,2021,icml
Sber AI,Gold,2021,icml
Toloka,Gold,2021,icml
Waymo,Gold,2021,icml
Yokogawa Electric Corporation,Gold,2021,icml
Ant Group,Silver,2021,icml
Bosch Center for Artificial Intelligence,Silver,2021,icml
causaLens,Silver,2021,icml
"Graviti Technologies, Inc.",Silver,2021,icml
Rora,Silver,2021,icml
ServiceNow,Silver,2021,icml
Squarepoint Capital,Silver,2021,icml
The D. E. Shaw Group,Silver,2021,icml
Tower Research Capital LLC,Silver,2021,icml
XTX Markets Technologies Ltd,Silver,2021,icml
Cambridge University Press,Book,2021,icml
DeepMind DEI,Champion,2021,iclr
Citadel And Citadel Securities,Leader,2021,iclr
Ralph DEI,Leader,2021,iclr
The D. E. Shaw Group DEI,Leader,2021,iclr
Two Sigma DEI,Leader,2021,iclr
Amazon,Platinum,2021,iclr
ByteDance,Platinum,2021,iclr
DeepMind,Platinum,2021,iclr
Facebook,Platinum,2021,iclr
Google,Platinum,2021,iclr
Intel Inc.,Platinum,2021,iclr
Microsoft,Platinum,2021,iclr
OpenAI,Platinum,2021,iclr
Qualcomm,Platinum,2021,iclr
Apple,Gold,2021,iclr
Baidu,Gold,2021,iclr
IBM Research AI,Gold,2021,iclr
Morgan Stanley,Gold,2021,iclr
NAVER,Gold,2021,iclr
Salesforce,Gold,2021,iclr
Sea Limited,Gold,2021,iclr
Zeta Alpha,Gold,2021,iclr
AbSci,Silver,2021,iclr
Bloomberg,Silver,2021,iclr
Bosch Center for Artificial Intelligence,Silver,2021,iclr
Citadel & Citadel Securities,Silver,2021,iclr
The D. E. Shaw Group,Silver,2021,iclr
The Home Depot,Silver,2021,iclr
Two Sigma,Silver,2021,iclr
Gretel,Start-Up,2021,iclr
Ralph,Start-Up,2021,iclr
Google,Diamond,2022,naacl
Amazon,Diamond,2022,naacl
LivePerson,Diamond,2022,naacl
Meta,Diamond,2022,naacl
Bloomberg,Diamond,2022,naacl
Apple,Platinum,2022,naacl
Microsoft,Platinum,2022,naacl
Megagon,Platinum,2022,naacl
Grammarly,Platinum,2022,naacl
ByteDance,Platinum,2022,naacl
Kensho,Platinum,2022,naacl
Reveal Data,Platinum,2022,naacl
Relativity,Gold,2022,naacl
ServiceNow,Gold,2022,naacl
TIAA,Gold,2022,naacl
ETS,Gold,2022,naacl
Cohere.ai,Gold,2022,naacl
G-Research,Gold,2022,naacl
OpenAI,Gold,2022,naacl
Two Sigma,Gold,2022,naacl
ASAPP,Silver,2022,naacl
Duolingo,Silver,2022,naacl
Magic Data,Silver,2022,naacl
Adobe,Bronze,2022,naacl
Babelscape,Bronze,2022,naacl
Human Language Technology Center of Excellence,Bronze,2022,naacl
LinkedIn,Bronze,2022,naacl
Rakuten,Bronze,2022,naacl
UC Santa Cruz,Bronze,2022,naacl
aiXplain,Bronze,2022,naacl
Microsoft,Diversity and Inclusion,2022,naacl
DeepMind,Diversity and Inclusion,2022,naacl
G-Research,Diversity and Inclusion,2022,naacl
Activeloop,Diamond,2022,neurips
Amazon Science,Diamond,2022,neurips
Apple,Diamond,2022,neurips
AstraZeneca,Diamond,2022,neurips
Citadel Enterprise Americas LLS,Diamond,2022,neurips
DeepMind Technologies LTD,Diamond,2022,neurips
Google LLC,Diamond,2022,neurips
G-Research,Diamond,2022,neurips
Jane Street,Diamond,2022,neurips
"Lambda, Inc.",Diamond,2022,neurips
LG AI Research,Diamond,2022,neurips
"Meta Platforms, Inc.",Diamond,2022,neurips
Qualcomm,Diamond,2022,neurips
Salesforce,Diamond,2022,neurips
Sony,Diamond,2022,neurips
Bloomberg LP,Platinum,2022,neurips
Borealis AI,Platinum,2022,neurips
"Capital One Services, LLC.",Platinum,2022,neurips
Cohere,Platinum,2022,neurips
D. E. Shaw & Co.,Platinum,2022,neurips
Disney Research,Platinum,2022,neurips
Hudson River Trading,Platinum,2022,neurips
IBM,Platinum,2022,neurips
King Abdullah University of Science and Technology,Platinum,2022,neurips
Lightning AI,Platinum,2022,neurips
MathWorks,Platinum,2022,neurips
Microsoft,Platinum,2022,neurips
NAVER,Platinum,2022,neurips
Optum Labs,Platinum,2022,neurips
PDT Partners,Platinum,2022,neurips
Point72 / Cubist Systematic Strategies,Platinum,2022,neurips
Spotify,Platinum,2022,neurips
Squarepoint,Platinum,2022,neurips
TikTok,Platinum,2022,neurips
"Two Sigma Investments, LP",Platinum,2022,neurips
Waymo,Platinum,2022,neurips
"Weights and Biases, Inc.",Platinum,2022,neurips
Alibaba Group,Gold,2022,neurips
Bosch AI,Gold,2022,neurips
Cerebras Systems,Gold,2022,neurips
Datumo,Gold,2022,neurips
Generally Intelligent,Gold,2022,neurips
HPC-AI Technology LLC,Gold,2022,neurips
IEEE SA,Gold,2022,neurips
Jasper AI,Gold,2022,neurips
Jump Trading,Gold,2022,neurips
MosaicML,Gold,2022,neurips
NEC Laboratories America,Gold,2022,neurips
Netflix,Gold,2022,neurips
Neural Magic,Gold,2022,neurips
OmniML Inc.,Gold,2022,neurips
Owkin,Gold,2022,neurips
Pachyderm,Gold,2022,neurips
Samsung SAIL Montreal,Gold,2022,neurips
SandboxAQ,Gold,2022,neurips
ServiceNow,Gold,2022,neurips
Toloka AI,Gold,2022,neurips
Yahoo!,Gold,2022,neurips
Yokogawa Digital Corporation,Gold,2022,neurips
Balyasny Asset Management,Silver,2022,neurips
"Beijing Baidu Netcom Science Technology Co., Ltd",Silver,2022,neurips
Cruise,Silver,2022,neurips
Gensyn,Silver,2022,neurips
Hewlett Packard Enterprise,Silver,2022,neurips
Manteio Capital,Silver,2022,neurips
"QuantumBlack, AI by McKinsey",Silver,2022,neurips
Relation Therapeutics,Silver,2022,neurips
Secondmind,Silver,2022,neurips
The Vector Institute,Silver,2022,neurips
Cambridge University Press,Book,2022,neurips
"Intelligent Computing, a Science Partner Journal",Book,2022,neurips
MIT Press,Book,2022,neurips
Princeton University Press,Book,2022,neurips
Society for Industrial & Applied Mathematics,Book,2022,neurips
Springer,Book,2022,neurips
AstraZeneca,Diamond,2022,icml
Google LLC,Diamond,2022,icml
G-Research,Diamond,2022,icml
Meta,Diamond,2022,icml
Amazon Science,Platinum,2022,icml
Apple,Platinum,2022,icml
DeepMind Technologies Ltd,Platinum,2022,icml
ByteDance,Gold,2022,icml
Citadel | Citadel Securities,Gold,2022,icml
Microsoft Corporation,Gold,2022,icml
XTX Markets,Gold,2022,icml
Absci,Silver,2022,icml
Alegion,Silver,2022,icml
"Beijing Baidu Netcom Science Technology Co., Ltd",Silver,2022,icml
Bloomberg,Silver,2022,icml
Bosch,Silver,2022,icml
Capital One,Silver,2022,icml
Criteo,Silver,2022,icml
"Huawei Technologies Co., Ltd.",Silver,2022,icml
Hudson River Trading,Silver,2022,icml
Invenia Labs,Silver,2022,icml
Micron,Silver,2022,icml
Morgan Stanley,Silver,2022,icml
NETFLIX,Silver,2022,icml
Point72 / Cubist Systematic Strategies,Silver,2022,icml
"QuantumBlack, AI by McKinsey",Silver,2022,icml
Squarepoint Capital,Silver,2022,icml
Two Sigma,Silver,2022,icml
Xyla,Silver,2022,icml
Yokogawa Electric Corporation,Silver,2022,icml
Boltzbit Limited,Bronze,2022,icml
"Edgestream Partners, L.P.",Bronze,2022,icml
Intel Corp,Bronze,2022,icml
Mohamed Bin Zayed University of Artificial Intelligence,Bronze,2022,icml
Qualcomm,Bronze,2022,icml
Roblox,Bronze,2022,icml
Sea Limited,Bronze,2022,icml
The D. E. Shaw Group,Bronze,2022,icml
Cambridge University Press,Book,2022,icml
"Intelligent Computing, a Science Partner Journal",Book,2022,icml
MIT Press,Book,2022,icml
now Publishers,Book,2022,icml
Springer,Book,2022,icml
DeepMind DEI,Champion,2022,iclr
Google Research DEI,Champion,2022,iclr
Citadel | Citadel Securities,Groundbreaker,2022,iclr
Two Sigma DEI,Leader,2022,iclr
ByteDance,Platinum,2022,iclr
DeepMind,Platinum,2022,iclr
Google Research,Platinum,2022,iclr
Meta AI,Platinum,2022,iclr
Microsoft,Platinum,2022,iclr
Qualcomm,Platinum,2022,iclr
Sea AI Lab,Platinum,2022,iclr
Amazon Science,Gold,2022,iclr
Apple,Gold,2022,iclr
Baidu,Gold,2022,iclr
Bloomberg Engineering,Gold,2022,iclr
Bosch,Gold,2022,iclr
LG AI Research,Gold,2022,iclr
NAVER Corp.,Gold,2022,iclr
Tencent ARC Lab,Gold,2022,iclr
Citadel|Citadel Securities,Silver,2022,iclr
Morgan Stanley,Silver,2022,iclr
NVIDIA,Silver,2022,iclr
ServiceNow,Silver,2022,iclr
Two Sigma,Silver,2022,iclr
"Intelligent Computing, a Science Partner Journal",Publishers,2022,iclr
https://deepmind.com/applied/deepmind-ethics-society/,Sponsors,2022,facct
/static/images/DM_CMYK_Logo_Blue400@1x.jpg,Sponsors,2022,facct
https://ai.sony/,Sponsors,2022,facct
/static/images/Sony.png,Sponsors,2022,facct
http://www.navercorp.com/en,Sponsors,2022,facct
/static/images/NAVER_CI_Green.png,Sponsors,2022,facct
https://www.lgresearch.ai/,Sponsors,2022,facct
/static/images/LG_AI_Research.png,Sponsors,2022,facct
https://luminate.io/,With Ongoing support from,2022,facct
/static/images/Luminate_logo_primary_strapline_BLACK_RGB-cropped.png,With Ongoing support from,2022,facct
Apple,Diamond,2023,neurips
Citadel and Citadel Securities,Diamond,2023,neurips
Google DeepMind,Diamond,2023,neurips
Google LLC,Diamond,2023,neurips
G-Research,Diamond,2023,neurips
Jane Street,Diamond,2023,neurips
Lambda,Diamond,2023,neurips
Meta,Diamond,2023,neurips
Microsoft,Diamond,2023,neurips
Advanced Micro Devices (AMD),Platinum,2023,neurips
Amazon Science,Platinum,2023,neurips
Ant Group,Platinum,2023,neurips
AstraZeneca,Platinum,2023,neurips
Bloomberg,Platinum,2023,neurips
Cohere,Platinum,2023,neurips
Databricks,Platinum,2023,neurips
Eqvilent,Platinum,2023,neurips
Hudson River Trading,Platinum,2023,neurips
IBM,Platinum,2023,neurips
Intel Corporate,Platinum,2023,neurips
Jump Trading,Platinum,2023,neurips
LG AI Research,Platinum,2023,neurips
MathWorks,Platinum,2023,neurips
"Netflix, Inc.",Platinum,2023,neurips
Oracle,Platinum,2023,neurips
PDT Partners,Platinum,2023,neurips
Positron,Platinum,2023,neurips
Pryon,Platinum,2023,neurips
Qualcomm,Platinum,2023,neurips
Salesforce,Platinum,2023,neurips
Sony,Platinum,2023,neurips
The D. E. Shaw Group,Platinum,2023,neurips
Voxel51,Platinum,2023,neurips
Weights and Biases,Platinum,2023,neurips
XTX Markets,Platinum,2023,neurips
Alibaba Cloud,Gold,2023,neurips
Comet ML,Gold,2023,neurips
D. E. Shaw Research,Gold,2023,neurips
fireworks.ai,Gold,2023,neurips
Flagship Pioneering,Gold,2023,neurips
Neural Magic,Gold,2023,neurips
Nexusflow,Gold,2023,neurips
Nomic AI,Gold,2023,neurips
Perplexity AI,Gold,2023,neurips
Tianqiao and Chrissy Chen Institute,Gold,2023,neurips
TOLOKA AI,Gold,2023,neurips
Two Sigma,Gold,2023,neurips
Borealis AI,Silver,2023,neurips
Bosch AI,Silver,2023,neurips
Capital One,Silver,2023,neurips
Cerebras Systems,Silver,2023,neurips
Computing Research Association,Silver,2023,neurips
Determined AI,Silver,2023,neurips
Disney Research,Silver,2023,neurips
FEDML,Silver,2023,neurips
FriendliAI,Silver,2023,neurips
Imbue,Silver,2023,neurips
Kolena,Silver,2023,neurips
Lightning AI,Silver,2023,neurips
Mila - Montréal,Silver,2023,neurips
National Reconnaissance Office,Silver,2023,neurips
NEC Laboratories,Silver,2023,neurips
Point72 / Cubist Systematic Strategies,Silver,2023,neurips
Scale AI,Silver,2023,neurips
ServiceNow,Silver,2023,neurips
Squarepoint Capital,Silver,2023,neurips
SqueezeBits,Silver,2023,neurips
SuperAnnotate,Silver,2023,neurips
"The Regents of the University of California, San Diego/ NSF-ACCESS",Silver,2023,neurips
TikTok,Silver,2023,neurips
Together,Silver,2023,neurips
"UKRI Centre AI for Healthcare, Imperial College London",Silver,2023,neurips
VAST Data,Silver,2023,neurips
"Vocareum, Inc.",Silver,2023,neurips
Yokogawa Digital Corporation,Silver,2023,neurips
Zhipu,Silver,2023,neurips
Baidu,Bronze,2023,neurips
Celonis,Bronze,2023,neurips
MultiOn,Bronze,2023,neurips
OpenAI,Bronze,2023,neurips
Roblox,Bronze,2023,neurips
SandboxAQ,Bronze,2023,neurips
Toyota Research Institute,Bronze,2023,neurips
Vector Institute,Bronze,2023,neurips
Zoox,Bronze,2023,neurips
Cambridge University Press,Book,2023,neurips
KeAi Publishing,Book,2023,neurips
SIAM,Book,2023,neurips
Springer,Book,2023,neurips
The MIT Press,Book,2023,neurips
Translated Srl,Book,2023,neurips
Citadel and Citadel Securities,Diamond,2023,icml
Google Research,Diamond,2023,icml
Amazon Science,Platinum,2023,icml
Apple,Platinum,2023,icml
Colossal-AI,Platinum,2023,icml
DeepMind,Platinum,2023,icml
D. E. Shaw & Co.,Platinum,2023,icml
Jane Street,Platinum,2023,icml
Microsoft,Platinum,2023,icml
Lambda,Gold,2023,icml
Baidu,Silver,2023,icml
Capital One,Silver,2023,icml
Cerebras Systems,Silver,2023,icml
Crusoe Cloud,Silver,2023,icml
D. E. Shaw Research,Silver,2023,icml
Determined AI,Silver,2023,icml
DVC,Silver,2023,icml
FedML,Silver,2023,icml
FriendliAI,Silver,2023,icml
KAUST,Silver,2023,icml
Lightning AI,Silver,2023,icml
Meta AI,Silver,2023,icml
MosaicML,Silver,2023,icml
"PDT Partners, LLC",Silver,2023,icml
Point72 / Cubist Systematic Strategies,Silver,2023,icml
Sony,Silver,2023,icml
Squarepoint Capital,Silver,2023,icml
TikTok Inc.,Silver,2023,icml
Two Sigma,Silver,2023,icml
Weights and Biases,Silver,2023,icml
Yokogawa Digital Corporation,Silver,2023,icml
eBay,Bronze,2023,icml
Jump Trading,Bronze,2023,icml
Morgan Stanley,Bronze,2023,icml
QuantCo,Bronze,2023,icml
Recursion,Bronze,2023,icml
Tianqiao & Chrissy Chen Institute,Bronze,2023,icml
"CoCalc by SageMath, Inc.",Book,2023,icml
"Intelligent Computing, a Science Partner Journal",Book,2023,icml
Translated Srl,Book,2023,icml
"UKRI Centre AI for Healthcare, Imperial College London",Book,2023,icml
DeepMind DEI,Champion,2023,iclr
Black in AI,Groundbreaker,2023,iclr
Robert Bosch GmbH,Advocate,2023,iclr
Zhipu,Advocate,2023,iclr
DeepMind,Diamond,2023,iclr
Google Research,Diamond,2023,iclr
"Huawei Technologies Co., Ltd.",Platinum,2023,iclr
Amazon Science,Gold,2023,iclr
Apple,Gold,2023,iclr
Baidu,Gold,2023,iclr
ByteDance,Gold,2023,iclr
Meta AI,Gold,2023,iclr
Cohere,Silver,2023,iclr
KAUST,Silver,2023,iclr
Citadel & Citadel Securities,Bronze,2023,iclr
OpenAI,Bronze,2023,iclr
Qualcomm,Bronze,2023,iclr
Two Sigma,Bronze,2023,iclr
"Intelligent Computing, a Science Partner Journal",Publishers,2023,iclr
"Research, a Science Partner Journal",Publishers,2023,iclr
https://www.luminategroup.com/,Sponsors,2023,facct
/static/images/2023_Luminate.png,Sponsors,2023,facct
https://www.deepmind.com/,Sponsors,2023,facct
/static/images/2023_deepmind.png,Sponsors,2023,facct
https://machinelearning.apple.com/,Sponsors,2023,facct
/static/images/2023_apple.png,Sponsors,2023,facct
https://www.microsoft.com/en-us/research/,Sponsors,2023,facct
/static/images/2023_Microsoft.png,Sponsors,2023,facct
Capital One,Diamond,2024,naacl
Baidu,Platinum,2024,naacl
Grammarly,Platinum,2024,naacl
Kensho,Platinum,2024,naacl
Megagon,Platinum,2024,naacl
Otter.ai,Platinum,2024,naacl
Apple,Gold,2024,naacl
Bloomberg,Gold,2024,naacl
Two Sigma,Gold,2024,naacl
Cohere,Gold,2024,naacl
Adobe,Bronze,2024,naacl
JPMorgan,Bronze,2024,naacl
Grammarly,Diversity and Inclusion Ally,2024,naacl
Amazon Science,Diamond,2024,neurips
Apple,Diamond,2024,neurips
ByteDance,Diamond,2024,neurips
Citadel & Citadel Securities,Diamond,2024,neurips
Google DeepMind,Diamond,2024,neurips
Google Research,Diamond,2024,neurips
G-Research,Diamond,2024,neurips
HPC-AI.COM,Diamond,2024,neurips
IREN,Diamond,2024,neurips
Jane Street,Diamond,2024,neurips
Jump Trading,Diamond,2024,neurips
Lambda,Diamond,2024,neurips
Meta,Diamond,2024,neurips
Microsoft,Diamond,2024,neurips
Nebius,Diamond,2024,neurips
QUALCOMM,Diamond,2024,neurips
The D. E. Shaw Group,Diamond,2024,neurips
Abu Dhabi Investment Authority (ADIA),Platinum,2024,neurips
Advanced Micro Devices,Platinum,2024,neurips
Akash Network by Overclock Labs,Platinum,2024,neurips
Alibaba Cloud,Platinum,2024,neurips
Ant Group,Platinum,2024,neurips
Bittensor,Platinum,2024,neurips
Bloomberg,Platinum,2024,neurips
Capital One,Platinum,2024,neurips
Cohere,Platinum,2024,neurips
Crusoe Energy,Platinum,2024,neurips
Databricks,Platinum,2024,neurips
Encord,Platinum,2024,neurips
IBM,Platinum,2024,neurips
Intel,Platinum,2024,neurips
MathWorks,Platinum,2024,neurips
neptune.ai,Platinum,2024,neurips
Optiver,Platinum,2024,neurips
Recogni,Platinum,2024,neurips
Salesforce,Platinum,2024,neurips
Scale AI,Platinum,2024,neurips
Shopify Inc,Platinum,2024,neurips
Snowflake Computing Canada ULC,Platinum,2024,neurips
Sony,Platinum,2024,neurips
Tesla,Platinum,2024,neurips
Turing,Platinum,2024,neurips
Voxel51,Platinum,2024,neurips
Waymo,Platinum,2024,neurips
Writer,Platinum,2024,neurips
XTX Markets,Platinum,2024,neurips
Ahrefs,Gold,2024,neurips
Chan Zuckerberg Initiative,Gold,2024,neurips
Cloudflare,Gold,2024,neurips
Comet,Gold,2024,neurips
DatologyAI,Gold,2024,neurips
D. E. Shaw Research,Gold,2024,neurips
d-Matrix,Gold,2024,neurips
Emergence AI,Gold,2024,neurips
Genesis Therapeutics,Gold,2024,neurips
Gridmatic,Gold,2024,neurips
GSK.ai,Gold,2024,neurips
Labelbox,Gold,2024,neurips
Lightning AI,Gold,2024,neurips
Mistral AI,Gold,2024,neurips
Netflix Research,Gold,2024,neurips
Neural Magic,Gold,2024,neurips
Nutanix,Gold,2024,neurips
NXAI,Gold,2024,neurips
Tianqiao and Chrissy Chen Institute,Gold,2024,neurips
Together AI,Gold,2024,neurips
Twelve Labs,Gold,2024,neurips
WaveForms AI,Gold,2024,neurips
Wayve,Gold,2024,neurips
Weights & Biases,Gold,2024,neurips
WorldQuant LLC,Gold,2024,neurips
上海明汯投资管理有限公司,Gold,2024,neurips
Anaconda,Silver,2024,neurips
Booster Robotics,Silver,2024,neurips
Cerebras Systems,Silver,2024,neurips
DataForce,Silver,2024,neurips
DATAOCEAN AI,Silver,2024,neurips
DiffuseDrive,Silver,2024,neurips
DRW,Silver,2024,neurips
ELLIS Institute Tübingen,Silver,2024,neurips
Exa,Silver,2024,neurips
Figma,Silver,2024,neurips
Gatik AI,Silver,2024,neurips
Helm.ai,Silver,2024,neurips
HUAWEI,Silver,2024,neurips
Imbue,Silver,2024,neurips
"INSAIT – Institute for Computer Science, AI & Technology",Silver,2024,neurips
Iris.ai,Silver,2024,neurips
Kaggle,Silver,2024,neurips
LinkedIn,Silver,2024,neurips
"Linkerbot Beijing Technology Co., Ltd.",Silver,2024,neurips
Liquid AI,Silver,2024,neurips
Matic Robots,Silver,2024,neurips
Mila - Quebec Artificial Intelligence Institut,Silver,2024,neurips
Point72 / Cubist Systematic Strategies,Silver,2024,neurips
RBC Borealis,Silver,2024,neurips
RunPod,Silver,2024,neurips
SambaNova Systems,Silver,2024,neurips
ServiceNow,Silver,2024,neurips
Spellbrush,Silver,2024,neurips
Squarepoint Capital,Silver,2024,neurips
"SuperAnnotate AI, Inc",Silver,2024,neurips
Thomson Reuters Labs,Silver,2024,neurips
Toloka AI,Silver,2024,neurips
Toyota Research Institute,Silver,2024,neurips
Two Sigma,Silver,2024,neurips
Unitree Robotics,Silver,2024,neurips
Vatic Labs,Silver,2024,neurips
Virtue AI,Silver,2024,neurips
Virtu Financial,Silver,2024,neurips
Woven by Toyota,Silver,2024,neurips
Yokogawa Digital Corporation,Silver,2024,neurips
AstraZeneca,Bronze,2024,neurips
Baidu,Bronze,2024,neurips
Basis Research Institute,Bronze,2024,neurips
Cognizant,Bronze,2024,neurips
Commonwealth Bank of Australia,Bronze,2024,neurips
Duolingo,Bronze,2024,neurips
IMC Trading,Bronze,2024,neurips
NatWest Group,Bronze,2024,neurips
PDT Partners,Bronze,2024,neurips
Susquehanna International Group,Bronze,2024,neurips
Vector Institute,Bronze,2024,neurips
Cambridge University Press,Book,2024,neurips
"CoCalc by Sagemath, Inc.",Book,2024,neurips
SIAM,Book,2024,neurips
Skim AI,Book,2024,neurips
Springer,Book,2024,neurips
Translated,Book,2024,neurips
Citadel and Citadel Securities,Diamond,2024,icml
Eqvilent,Diamond,2024,icml
Google Deepmind,Diamond,2024,icml
Google Research,Diamond,2024,icml
G-Research,Diamond,2024,icml
Jane Street,Diamond,2024,icml
Jump Trading,Diamond,2024,icml
Microsoft,Diamond,2024,icml
The D. E. Shaw Group,Diamond,2024,icml
Amazon Science,Platinum,2024,icml
ByteDance,Platinum,2024,icml
HSBC,Platinum,2024,icml
Apple,Platinum,2024,icml
Meta,Platinum,2024,icml
XTX Markets,Gold,2024,icml
Abu Dhabi Investment Authority (ADIA),Silver,2024,icml
Ant Group,Silver,2024,icml
AstraZeneca,Silver,2024,icml
Baidu,Silver,2024,icml
Capital One,Silver,2024,icml
Cerebras Systems,Silver,2024,icml
Comet,Silver,2024,icml
Criteo,Silver,2024,icml
Databricks,Silver,2024,icml
DatologyAI,Silver,2024,icml
Determined AI,Silver,2024,icml
Hudson River Trading,Silver,2024,icml
Lightning AI,Silver,2024,icml
Liquid AI,Silver,2024,icml
Mistral AI,Silver,2024,icml
Nebius AI,Silver,2024,icml
neptune.ai,Silver,2024,icml
Netflix Inc,Silver,2024,icml
Point72 / Cubist Systematic Strategies,Silver,2024,icml
Robinhood,Silver,2024,icml
Snowflake Poland Sp. z o.o.,Silver,2024,icml
Squarepoint-Capital,Silver,2024,icml
SuperAnnotate,Silver,2024,icml
Together AI,Silver,2024,icml
Toloka,Silver,2024,icml
Two Sigma,Silver,2024,icml
Virtu Financial,Silver,2024,icml
WorldQuant LLC,Silver,2024,icml
Yokogawa Digital Corporation,Silver,2024,icml
Cognizant,Bronze,2024,icml
eBay,Bronze,2024,icml
"Huawei Technologies Co., Ltd.",Bronze,2024,icml
Morgan Stanley,Bronze,2024,icml
PDT Partners,Bronze,2024,icml
Qualcomm,Bronze,2024,icml
QuantCo,Bronze,2024,icml
Tower Research Capital,Bronze,2024,icml
CoCalc,Book,2024,icml
"Health Science Data, a Science Partner Journal",Book,2024,icml
Springer,Book,2024,icml
Translated,Book,2024,icml
"UKRI Centre AI for Healthcare, Imperial College London",Book,2024,icml
Google DeepMind,Diamond,2024,iclr
Google Research,Diamond,2024,iclr
Meta,Diamond,2024,iclr
Microsoft,Diamond,2024,iclr
ByteDance,Platinum,2024,iclr
"Huawei Technologies Co., Ltd.",Platinum,2024,iclr
Scale AI,Platinum,2024,iclr
The D. E. Shaw Group,Platinum,2024,iclr
Amazon,Gold,2024,iclr
Apple,Gold,2024,iclr
Borealis AI,Gold,2024,iclr
Capital One,Gold,2024,iclr
D. E. Shaw Research,Gold,2024,iclr
Lightning AI,Gold,2024,iclr
Meituan,Gold,2024,iclr
Together AI,Gold,2024,iclr
KAUST AI Initiative AI Main Navigation,Silver,2024,iclr
Liquid AI,Silver,2024,iclr
Mistral AI,Silver,2024,iclr
Nebius AI,Silver,2024,iclr
Ahrefs,Bronze,2024,iclr
Ant Research,Bronze,2024,iclr
Baidu,Bronze,2024,iclr
Cognition,Bronze,2024,iclr
Cognizant AI Labs,Bronze,2024,iclr
Etched,Bronze,2024,iclr
OpenAI,Bronze,2024,iclr
Qualcomm,Bronze,2024,iclr
Sony AI,Bronze,2024,iclr
Tianqiao and Chrissy Chen Institute,Bronze,2024,iclr
Two Sigma,Bronze,2024,iclr
Cambridge University Press,Publishers,2024,iclr
"CoCalc by SageMath, Inc.",Publishers,2024,iclr
"Intelligent Computing, a Science Partner Journal",Publishers,2024,iclr
Translated,Publishers,2024,iclr
DeepMind DEI,Champion,2024,iclr
Google Research DEI,Champion,2024,iclr
Sony AI DEI Fund,Advocate,2024,iclr
Bosch,Leader,2024,iclr
https://survivalandflourishing.fund,Sponsors,2024,facct
/static/images/2024_saf.png,Sponsors,2024,facct
https://aws.amazon.com/machine-learning/responsible-machine-learning/,Sponsors,2024,facct
/static/images/2023_amazon.png,Sponsors,2024,facct
https://www.deepmind.com/,Sponsors,2024,facct
/static/images/2024_googledeepmind.png,Sponsors,2024,facct
Toloka AI,Platinum,2025,naacl
Adobe,Platinum,2025,naacl
Megagon,Platinum,2025,naacl
Baidu,Platinum,2025,naacl
Capital One,Platinum,2025,naacl
Apple,Gold,2025,naacl
Bloomberg,Gold,2025,naacl
Translated,Bronze,2025,naacl
Apple,Diversity and Inclusion Ally,2025,naacl
Amazon,Diamond,2025,neurips
Ant Group,Diamond,2025,neurips
Apple,Diamond,2025,neurips
Biohub,Diamond,2025,neurips
ByteDance,Diamond,2025,neurips
Citadel and Citadel Securities,Diamond,2025,neurips
Cloud Native Computing Foundation/PyTorch Foundation,Diamond,2025,neurips
Cogs & Marvel,Diamond,2025,neurips
D. E. Shaw Research,Diamond,2025,neurips
General Motors,Diamond,2025,neurips
Google,Diamond,2025,neurips
Handshake AI,Diamond,2025,neurips
Hudson River Trading,Diamond,2025,neurips
Jane Street,Diamond,2025,neurips
Jump Trading,Diamond,2025,neurips
Lambda,Diamond,2025,neurips
Lightwheel Limited,Diamond,2025,neurips
MBZUAI - Institute of Foundation Models,Diamond,2025,neurips
Microsoft Corporation,Diamond,2025,neurips
Ollama,Diamond,2025,neurips
Optiver,Diamond,2025,neurips
poolside,Diamond,2025,neurips
Qualcomm AI Research,Diamond,2025,neurips
Reflection,Diamond,2025,neurips
Renaissance Philanthropy,Diamond,2025,neurips
Shopify,Diamond,2025,neurips
Susquehanna International Group,Diamond,2025,neurips
Tesla,Diamond,2025,neurips
The D. E. Shaw Group,Diamond,2025,neurips
Turing,Diamond,2025,neurips
Abu Dhabi Investment Authority,Platinum,2025,neurips
Arm,Platinum,2025,neurips
Bloomberg,Platinum,2025,neurips
Capital One,Platinum,2025,neurips
Cohere,Platinum,2025,neurips
Databricks,Platinum,2025,neurips
DRW,Platinum,2025,neurips
Emmi AI,Platinum,2025,neurips
Encord,Platinum,2025,neurips
G-Research,Platinum,2025,neurips
Groq,Platinum,2025,neurips
IBM,Platinum,2025,neurips
IMC,Platinum,2025,neurips
Intuit,Platinum,2025,neurips
Invisible Technologies,Platinum,2025,neurips
JetBrains,Platinum,2025,neurips
NAVER,Platinum,2025,neurips
Nebius,Platinum,2025,neurips
Netflix,Platinum,2025,neurips
NVIDIA,Platinum,2025,neurips
Oracle,Platinum,2025,neurips
Qualcomm,Platinum,2025,neurips
Revelo,Platinum,2025,neurips
Salesforce,Platinum,2025,neurips
Scale AI,Platinum,2025,neurips
Snowflake,Platinum,2025,neurips
Sony,Platinum,2025,neurips
SoundPatrol,Platinum,2025,neurips
TD Bank Group - Layer6 AI,Platinum,2025,neurips
Waymo,Platinum,2025,neurips
Weights & Biases,Platinum,2025,neurips
Wells Fargo,Platinum,2025,neurips
WRITER,Platinum,2025,neurips
XTX Markets,Platinum,2025,neurips
Alibaba Cloud,Gold,2025,neurips
Appen,Gold,2025,neurips
Atlassian,Gold,2025,neurips
BlackRock Systematic,Gold,2025,neurips
Cartesia AI,Gold,2025,neurips
Cerebras Systems,Gold,2025,neurips
Commonwealth Bank of Australia,Gold,2025,neurips
Datacurve AI,Gold,2025,neurips
Datadog,Gold,2025,neurips
DatologyAI,Gold,2025,neurips
Distyl AI,Gold,2025,neurips
Figma Inc.,Gold,2025,neurips
Fundamental Technologies Inc.,Gold,2025,neurips
Genesis Molecular AI,Gold,2025,neurips
Intel,Gold,2025,neurips
JoinQuant,Gold,2025,neurips
KUAISHOU,Gold,2025,neurips
Lighthouse,Gold,2025,neurips
Lightly,Gold,2025,neurips
LinkedIn,Gold,2025,neurips
Liquid AI,Gold,2025,neurips
MathWorks,Gold,2025,neurips
Mila - Quebec AI Institute,Gold,2025,neurips
Novartis,Gold,2025,neurips
Point72 / Cubist Systematic Strategies,Gold,2025,neurips
Pydantic,Gold,2025,neurips
Qube Research and Technologies,Gold,2025,neurips
RBC Borealis,Gold,2025,neurips
Runpod,Gold,2025,neurips
Taobao and Tmall Group,Gold,2025,neurips
TELUS Digital,Gold,2025,neurips
Together AI,Gold,2025,neurips
Two Sigma,Gold,2025,neurips
Upwork,Gold,2025,neurips
Virtu Financial,Gold,2025,neurips
Voloridge Investment Management,Gold,2025,neurips
Voltage Park,Gold,2025,neurips
WorldQuant LLC,Gold,2025,neurips
Yokogawa Digital Corporation,Gold,2025,neurips
Boson AI,Silver,2025,neurips
Centific,Silver,2025,neurips
Dandy,Silver,2025,neurips
DataoceanAI,Silver,2025,neurips
Deccan AI,Silver,2025,neurips
Firstsource,Silver,2025,neurips
Flow Traders,Silver,2025,neurips
FuriosaAI,Silver,2025,neurips
Ideogram AI,Silver,2025,neurips
io.net,Silver,2025,neurips
MATS Research,Silver,2025,neurips
Meter,Silver,2025,neurips
Mirage,Silver,2025,neurips
Modal,Silver,2025,neurips
NatWest Group,Silver,2025,neurips
"NTT, Inc.",Silver,2025,neurips
Pruna AI,Silver,2025,neurips
ServiceNow,Silver,2025,neurips
Simular,Silver,2025,neurips
SPOC Biosciences,Silver,2025,neurips
Spotify,Silver,2025,neurips
Thomson Reuters,Silver,2025,neurips
Toloka AI Inc.,Silver,2025,neurips
Wayve,Silver,2025,neurips
Abaka AI,Bronze,2025,neurips
Astrus,Bronze,2025,neurips
Bagel Labs,Bronze,2025,neurips
Basis Research Institute,Bronze,2025,neurips
Clarifai,Bronze,2025,neurips
Conway,Bronze,2025,neurips
Deep Genomics Inc.,Bronze,2025,neurips
Lenovo,Bronze,2025,neurips
Lightning AI,Bronze,2025,neurips
NEC,Bronze,2025,neurips
OpenAI,Bronze,2025,neurips
PDT Partners,Bronze,2025,neurips
Sanctuary AI,Bronze,2025,neurips
"Scaled Cognition, Inc.",Bronze,2025,neurips
SonicJobs,Bronze,2025,neurips
Uber AI Solutions,Bronze,2025,neurips
Virtue AI,Bronze,2025,neurips
Association for Computing Machinery,Book,2025,neurips
Cambridge University Press,Book,2025,neurips
Intelligent Computing,Book,2025,neurips
IOP Publishing,Book,2025,neurips
Springer,Book,2025,neurips
The MIT Press,Book,2025,neurips
Translated,Book,2025,neurips
GBM,Mexico,2025,neurips
Citadel and Citadel Securities,Diamond,2025,icml
Cogs & Marvel,Diamond,2025,icml
D. E. Shaw Research,Diamond,2025,icml
Google,Diamond,2025,icml
Hudson River Trading LLC,Diamond,2025,icml
Jane Street,Diamond,2025,icml
Jump Trading,Diamond,2025,icml
Microsoft,Diamond,2025,icml
Optiver,Diamond,2025,icml
Susquehanna International Group,Diamond,2025,icml
The D. E. Shaw Group,Diamond,2025,icml
Akash Network,Platinum,2025,icml
Amazon,Platinum,2025,icml
Apple,Platinum,2025,icml
ByteDance,Platinum,2025,icml
Capital One,Platinum,2025,icml
Handshake AI,Platinum,2025,icml
IBM,Platinum,2025,icml
Ollama,Platinum,2025,icml
Shopify,Platinum,2025,icml
Tencent,Platinum,2025,icml
Turing,Platinum,2025,icml
Cartesia,Gold,2025,icml
Cerebras Systems,Gold,2025,icml
Comet,Gold,2025,icml
Databricks,Gold,2025,icml
DatologyAI,Gold,2025,icml
DRW,Gold,2025,icml
HUAWEI,Gold,2025,icml
Kaggle,Gold,2025,icml
Lambda,Gold,2025,icml
LinkedIn,Gold,2025,icml
Liquid AI,Gold,2025,icml
MBZUAI - Institute of Foundation Models,Gold,2025,icml
Nebius,Gold,2025,icml
Netflix Inc.,Gold,2025,icml
Point72 / Cubist Systematic Strategies,Gold,2025,icml
RBC Borealis,Gold,2025,icml
Scale AI,Gold,2025,icml
Together AI,Gold,2025,icml
Two Sigma,Gold,2025,icml
WRITER,Gold,2025,icml
Deccan AI,Silver,2025,icml
"SuperAnnotate AI, Inc",Silver,2025,icml
Toloka AI,Silver,2025,icml
Vast.ai,Silver,2025,icml
WaveForms AI,Silver,2025,icml
Wayve,Silver,2025,icml
Artificial Intelligence Talent Agency,Bronze,2025,icml
Bagel,Bronze,2025,icml
Baidu,Bronze,2025,icml
Cognizant Al Lab,Bronze,2025,icml
IMC Trading,Bronze,2025,icml
Morgan Stanley,Bronze,2025,icml
PDT Partners,Bronze,2025,icml
Runpod,Bronze,2025,icml
SonicJobs,Bronze,2025,icml
Trexquant Investment LP,Bronze,2025,icml
Virtue AI,Bronze,2025,icml
Yokogawa Digital Corporation,Bronze,2025,icml
北京聚宽投资管理有限公司（北京JoinQuant投资管理有限公司）,Bronze,2025,icml
"CoCalc by SageMath, Inc.",Book,2025,icml
Frontiers,Book,2025,icml
"Health Data Science, a Science Partner Journal",Book,2025,icml
MDPI,Book,2025,icml
Translated,Book,2025,icml
neptune.ai,De-Stress,2025,icml
Alibaba Cloud,Diamond,2025,iclr
ByteDance,Diamond,2025,iclr
Citadel | Citadel Securities,Diamond,2025,iclr
Google Research,Diamond,2025,iclr
INFOCOMM Media Development Authority,Diamond,2025,iclr
Jane Street,Diamond,2025,iclr
Jump Trading,Diamond,2025,iclr
Meta,Diamond,2025,iclr
Microsoft,Diamond,2025,iclr
Optiver,Diamond,2025,iclr
The D. E. Shaw Group,Diamond,2025,iclr
Abu Dhabi Investment Authority,Platinum,2025,iclr
AMAZON,Platinum,2025,iclr
Ant Research,Platinum,2025,iclr
Apple Inc.,Platinum,2025,iclr
Encord,Platinum,2025,iclr
Huawei,Platinum,2025,iclr
Hudson River Trading,Platinum,2025,iclr
Nebius,Platinum,2025,iclr
Oracle,Platinum,2025,iclr
Salesforce,Platinum,2025,iclr
Scale AI,Platinum,2025,iclr
Shopify,Platinum,2025,iclr
Turing,Platinum,2025,iclr
Aleph Alpha,Gold,2025,iclr
Appen,Gold,2025,iclr
Commonwealth Bank,Gold,2025,iclr
D. E. Shaw Research,Gold,2025,iclr
Meituan,Gold,2025,iclr
SEA,Gold,2025,iclr
SuperAnnotate,Gold,2025,iclr
Together AI,Gold,2025,iclr
Toloka AI,Gold,2025,iclr
Unitree Robotics,Gold,2025,iclr
Upwork Inc.,Gold,2025,iclr
WorldQuant LLC,Gold,2025,iclr
Writer,Gold,2025,iclr
宽德投资WizardQuant,Gold,2025,iclr
Abaka AI,Silver,2025,iclr
Atmanity Inc.,Silver,2025,iclr
"Booster Robotics Technology Co., Ltd",Silver,2025,iclr
HeyGen,Silver,2025,iclr
Liquid,Silver,2025,iclr
MBZUAI - Institute of Foundation Models,Silver,2025,iclr
OneSource Cloud,Silver,2025,iclr
Orby AI,Silver,2025,iclr
Simular,Silver,2025,iclr
TESOLLO INC.,Silver,2025,iclr
Typhoon l SCB 10X,Silver,2025,iclr
Zhongguancun Academy,Silver,2025,iclr
Adobe Inc.,Bronze,2025,iclr
Arc Institute,Bronze,2025,iclr
Baidu,Bronze,2025,iclr
Eqvilent,Bronze,2025,iclr
OpenAI,Bronze,2025,iclr
Shanghai Artificial Intelligence Laboratory,Bronze,2025,iclr
Temasek,Bronze,2025,iclr
Two Sigma,Bronze,2025,iclr
Science Partner Journals,Publishers,2025,iclr
Springer,Publishers,2025,iclr
Translated,Publishers,2025,iclr
Google Research DEI,Champion,2025,iclr
Apple Inc. DEI,Leader,2025,iclr
https://archimedesai.gr/en/,Supporters,2025,facct
https://www.athenarc.gr/en/home,Supporters,2025,facct
/static/images/2025_archimedes.png,Supporters,2025,facct
/static/images/2025_athena.jpg,Supporters,2025,facct
https://aws.amazon.com/machine-learning/responsible-machine-learning/,Sponsors,2025,facct
https://www.deepmind.com/,Sponsors,2025,facct
https://svcf.org/,Sponsors,2025,facct
/static/images/2025logo/Amazon-logo.png,Sponsors,2025,facct
/static/images/2025logo/google-deep-mind-logo.jpg,Sponsors,2025,facct
/static/images/2025logo/SVCF-Logo.png,Sponsors,2025,facct
https://ai.meta.com/research/,Sponsors,2025,facct
https://openai.com,Sponsors,2025,facct
https://www.schmidtsciences.org/,Sponsors,2025,facct
https://www.tiktok.com/safety/en/,Sponsors,2025,facct
https://www.microsoft.com/en-us/,Sponsors,2025,facct
/static/images/2025logo/Meta_Logo.png,Sponsors,2025,facct
/static/images/2025logo/OpenAI-Logo.png,Sponsors,2025,facct
/static/images/2025logo/Schmidtsciences-logo.png,Sponsors,2025,facct
/static/images/2025logo/TIKTOK_PRIMARY_LOGO_BLACK.png,Sponsors,2025,facct
/static/images/2025logo/Microsoft.png,Sponsors,2025,facct
https://ai.sony/,Sponsors,2025,facct
https://rc-trust.ai/,Sponsors,2025,facct
/static/images/2025logo/Sony_AI_Logo.png,Sponsors,2025,facct
/static/images/2025logo/RCTS.png,Sponsors,2025,facct
